Center Node,Neighbor,Closeness
107,58,0.3974018305284913
107,428,0.3948371956585509
107,563,0.3939127889961955
107,1684,0.39360561458231796
107,171,0.37049270575282134
107,348,0.36991572004397216
107,483,0.3698479575013739
107,414,0.3695433330282786
107,376,0.36655773420479304
107,475,0.3661920740001814
107,566,0.36496746203904556
107,1666,0.3647037572254335
107,1534,0.36460496613995486
107,484,0.3631621548700423
107,353,0.36309684380901
107,1171,0.3624450228884301
107,651,0.36228243315987796
107,420,0.3610192221725525
107,1085,0.35785182559376105
107,1687,0.35725028753428295
107,1577,0.35718708536045995
107,1718,0.3566507684154743
107,1165,0.3564933345104617
107,1136,0.3563045971940351
107,1465,0.35461491174145954
107,0,0.35334266713335666
107,580,0.34503973340169186
107,1505,0.34275528393175453
107,1405,0.3424936386768448
107,1656,0.3420294765373539
107,990,0.34188468376936754
107,1642,0.3418557399254995
107,1758,0.341826800981969
107,1419,0.3417400135409614
107,1450,0.3417110941863417
107,1726,0.34165327015821984
107,517,0.34122021294574956
107,366,0.34098969768620163
107,606,0.3408745568124261
107,526,0.3408457837427197
107,641,0.33992760333361394
107,1663,0.3391852162956741
107,1352,0.3391567277003192
107,1173,0.33892899110290414
107,1420,0.33870156014091596
107,601,0.33861635220125785
107,1835,0.3384177003017097
107,1361,0.3383042895442359
107,1376,0.3382192813468465
107,1126,0.33813431585998993
107,1621,0.3378796753409756
107,1536,0.33779488037476996
107,1358,0.33776662484316183
107,1013,0.3376536499707333
107,1574,0.3375125376128385
107,1029,0.3375125376128385
107,925,0.3372588323728389
107,1320,0.3372025052192067
107,1545,0.33694926568758343
107,1522,0.33694926568758343
107,1237,0.3369211514392991
107,1688,0.3368930418821959
107,1179,0.33680874134623406
107,1692,0.33680874134623406
107,1509,0.3367806505421184
107,1374,0.33675256442331747
107,916,0.33669640623697156
107,1074,0.33661220406802267
107,1313,0.336528044003667
107,1334,0.33644392601233125
107,930,0.33644392601233125
107,1289,0.336359850062474
107,1300,0.3363318340829585
107,1098,0.3363318340829585
107,1593,0.33627581612258495
107,1549,0.33627581612258495
107,1070,0.33616383616383616
107,1317,0.33616383616383616
107,1425,0.3359400998336107
107,1555,0.3359400998336107
107,1617,0.33585627547201197
107,1512,0.33582834331337325
107,1193,0.3358004158004158
107,1360,0.3358004158004158
107,1825,0.33574457470690944
107,1806,0.3357166611240439
107,1778,0.33566084788029926
107,1511,0.33566084788029926
107,1740,0.33560505319148937
107,1590,0.3355771628022937
107,1553,0.3355771628022937
107,1777,0.33554927704836296
107,921,0.33554927704836296
107,1274,0.33552139592854174
107,1217,0.335493519441675
107,1114,0.33546564758660796
107,1567,0.33546564758660796
107,1369,0.3354377803621864
107,1866,0.3354099177672564
107,1408,0.3354099177672564
107,1307,0.3354099177672564
107,1446,0.33538205980066443
107,1702,0.33538205980066443
107,1312,0.33535420646125735
107,1705,0.3352985136593872
107,1494,0.3352706741946197
107,1847,0.3352706741946197
107,1803,0.3352428393524284
107,1178,0.3352428393524284
107,1338,0.3352428393524284
107,1421,0.33521500913166197
107,1588,0.3351871835311696
107,1210,0.3351593625498008
107,1410,0.3351315461864055
107,1328,0.33510373443983404
107,1540,0.33510373443983404
107,1187,0.33510373443983404
107,1719,0.33507592730893704
107,1537,0.33507592730893704
107,1077,0.33504812479256557
107,1182,0.33504812479256557
107,1618,0.3349647449191207
107,1518,0.33493696084936964
107,1483,0.33493696084936964
107,1109,0.33493696084936964
107,1088,0.33493696084936964
107,1226,0.3348814065350804
107,962,0.33474260134294953
107,1513,0.3345761869251802
107,1523,0.334520752216055
107,1782,0.3344653358734366
107,1028,0.3344653358734366
107,915,0.3344653358734366
107,1485,0.33443763458671527
107,1327,0.3342438539855972
107,1846,0.3341885293387404
107,1808,0.33416087388282023
107,1745,0.3341332230037236
107,1863,0.33396741377884376
107,1909,0.33391218060034733
107,1911,0.333856965688301
107,1626,0.3336362885235066
107,1883,0.33355360978027426
107,1440,0.33355360978027426
107,1458,0.33352605930453455
107,1852,0.33349851337958375
107,951,0.3334434351775392
107,1780,0.3333333333333333
107,1196,0.3333333333333333
107,1836,0.3333058192323566
107,1769,0.3333058192323566
107,908,0.3331683168316832
107,1197,0.33303092783505156
107,1817,0.33303092783505156
107,1697,0.33283877349159247
107,363,0.3270430063983154
107,637,0.32564516129032256
107,538,0.3231951336641588
107,596,0.32278177458033575
107,1086,0.322240842710079
107,1800,0.32159923542529467
107,389,0.3215480172001911
107,1025,0.3213433073372593
107,1888,0.3212921705919796
107,1584,0.3212921705919796
107,1730,0.32111332007952287
107,1768,0.32067979669631513
107,1431,0.3204253293128075
107,1199,0.3203490678302261
107,629,0.32032365540218943
107,649,0.32032365540218943
107,917,0.3202982470056318
107,1377,0.3201966537150107
107,1612,0.32014588123364784
107,1589,0.3200443845605136
107,1078,0.3200190204469805
107,1746,0.31996830427892237
107,896,0.3199429522224863
107,1827,0.3199429522224863
107,1813,0.3199176041831722
107,1277,0.31989226016002537
107,1487,0.3198669201520912
107,1238,0.3198162521780453
107,1622,0.3198162521780453
107,1804,0.31979092421002614
107,1390,0.3197402803072294
107,1604,0.3197149643705463
107,1645,0.3197149643705463
107,1616,0.3196896524424036
107,1833,0.3196896524424036
107,1620,0.3196643445218493
107,1783,0.3196643445218493
107,1844,0.31963904060793163
107,1367,0.319588444796201
107,1714,0.319588444796201
107,1559,0.31956315289648624
107,1427,0.31953786499960435
107,1707,0.31953786499960435
107,946,0.31953786499960435
107,1104,0.3195125811046052
107,1882,0.3194873012105388
107,1613,0.3194620253164557
107,1204,0.3194620253164557
107,1122,0.31943675342140654
107,1598,0.3194114855244423
107,1610,0.3193862216246144
107,1399,0.3193609617209744
107,1329,0.3193104538984659
107,1391,0.3192852059777022
107,1767,0.3192852059777022
107,993,0.3192852059777022
107,1673,0.3192599620493359
107,1155,0.31923472211241993
107,1211,0.31923472211241993
107,1192,0.3192094861660079
107,1557,0.3192094861660079
107,1551,0.3191842542091534
107,1128,0.3191842542091534
107,1471,0.3191338022603335
107,1014,0.319108582266477
107,1080,0.3190833662583959
107,1786,0.3190581542351454
107,1839,0.319032946195781
107,1059,0.319032946195781
107,1357,0.31893215385830503
107,1032,0.31893215385830503
107,1514,0.31893215385830503
107,1897,0.3189069657242142
107,1554,0.3189069657242142
107,1516,0.31888178156834873
107,1332,0.31888178156834873
107,1250,0.3188566013897663
107,1435,0.3188566013897663
107,1184,0.3188566013897663
107,1871,0.31883142518752466
107,1185,0.31880625296068216
107,1095,0.31880625296068216
107,1736,0.31880625296068216
107,1146,0.31878108470829714
107,1475,0.31875592042942846
107,953,0.3187307601231352
107,1893,0.3187307601231352
107,936,0.31870560378847673
107,1791,0.31870560378847673
107,1799,0.31870560378847673
107,1175,0.3186804514245127
107,1148,0.3186804514245127
107,1515,0.3186804514245127
107,1879,0.31865530303030304
107,1473,0.31863015860490806
107,1661,0.31863015860490806
107,1017,0.31863015860490806
107,1729,0.31863015860490806
107,1742,0.31860501814738834
107,1899,0.31860501814738834
107,1630,0.31857988165680473
107,1331,0.3185547491322184
107,1662,0.3185547491322184
107,1603,0.3185296205726907
107,1793,0.3185296205726907
107,1349,0.3185296205726907
107,1255,0.31847937534505877
107,1680,0.31847937534505877
107,1467,0.31847937534505877
107,1222,0.31845425867507887
107,1373,0.31845425867507887
107,1006,0.31845425867507887
107,1132,0.31845425867507887
107,1343,0.31845425867507887
107,1447,0.31845425867507887
107,1076,0.31845425867507887
107,1107,0.3184291459664064
107,1113,0.3184291459664064
107,1611,0.3184291459664064
107,1717,0.318378932429236
107,1677,0.318378932429236
107,1153,0.318378932429236
107,1828,0.3183538315988647
107,1600,0.3183538315988647
107,1282,0.3183287347260544
107,1669,0.3183287347260544
107,1066,0.3183287347260544
107,1261,0.3183287347260544
107,1694,0.3183287347260544
107,1565,0.3183287347260544
107,1820,0.31830364180986914
107,1495,0.31830364180986914
107,1720,0.3182785528493734
107,1273,0.3182785528493734
107,1158,0.3182785528493734
107,1488,0.3182785528493734
107,1075,0.3182785528493734
107,1256,0.3182785528493734
107,1001,0.3182534678436318
107,942,0.3182534678436318
107,1456,0.3182033096926714
107,1416,0.3182033096926714
107,1235,0.3182033096926714
107,1160,0.3182033096926714
107,1881,0.3182033096926714
107,1894,0.3182033096926714
107,1543,0.3182033096926714
107,1816,0.31817823654558347
107,1757,0.31817823654558347
107,1744,0.31817823654558347
107,1191,0.31817823654558347
107,1318,0.3181531673495115
107,1124,0.3181531673495115
107,1902,0.3181531673495115
107,1790,0.3181531673495115
107,1284,0.3181281021035216
107,1878,0.3181281021035216
107,1335,0.31810304080668034
107,1864,0.31810304080668034
107,1679,0.31810304080668034
107,980,0.31810304080668034
107,1823,0.3180779834580543
107,1020,0.3180779834580543
107,1824,0.3180779834580543
107,1665,0.3180779834580543
107,1018,0.31805293005671076
107,1166,0.31805293005671076
107,1012,0.31805293005671076
107,976,0.31805293005671076
107,967,0.31805293005671076
107,1794,0.31805293005671076
107,1269,0.31805293005671076
107,1750,0.31805293005671076
107,1491,0.31802788060171694
107,1099,0.31802788060171694
107,1230,0.31802788060171694
107,1606,0.31802788060171694
107,968,0.3180028350921405
107,1689,0.3180028350921405
107,954,0.3180028350921405
107,1570,0.3180028350921405
107,948,0.31797779352704936
107,1396,0.31797779352704936
107,1763,0.31797779352704936
107,1867,0.31797779352704936
107,1341,0.31797779352704936
107,1683,0.31797779352704936
107,1101,0.31797779352704936
107,1079,0.31797779352704936
107,1547,0.3179527559055118
107,1117,0.3179527559055118
107,1668,0.3179527559055118
107,1330,0.3179527559055118
107,1868,0.3179277222265963
107,1761,0.3179277222265963
107,1454,0.3179277222265963
107,1267,0.31790269248937175
107,1004,0.31790269248937175
107,1102,0.31790269248937175
107,1861,0.31790269248937175
107,1842,0.3178776666929072
107,1751,0.3178776666929072
107,1400,0.3178776666929072
107,1849,0.3178776666929072
107,1637,0.317852644836272
107,1049,0.317827626918536
107,1675,0.317827626918536
107,1303,0.317827626918536
107,1608,0.317827626918536
107,1125,0.317827626918536
107,1520,0.317827626918536
107,1142,0.317827626918536
107,1732,0.317827626918536
107,1766,0.3178026129387691
107,1528,0.3178026129387691
107,947,0.31777760289604157
107,1721,0.31777760289604157
107,1870,0.31777760289604157
107,966,0.31777760289604157
107,1695,0.31777760289604157
107,1324,0.31777760289604157
107,1752,0.31777760289604157
107,1242,0.31775259678942397
107,1480,0.31775259678942397
107,1595,0.31775259678942397
107,1619,0.31775259678942397
107,1345,0.31775259678942397
107,1214,0.31775259678942397
107,1048,0.31775259678942397
107,1305,0.31775259678942397
107,1573,0.3177275946179873
107,1172,0.3177275946179873
107,1809,0.3177275946179873
107,1609,0.3177275946179873
107,1429,0.3177275946179873
107,1812,0.3177275946179873
107,1291,0.3177275946179873
107,1108,0.3177025963808025
107,1563,0.3177025963808025
107,1597,0.3177025963808025
107,1309,0.3177025963808025
107,1243,0.3177025963808025
107,1370,0.3177025963808025
107,1344,0.3177025963808025
107,1459,0.31767760207694123
107,984,0.31767760207694123
107,1706,0.31767760207694123
107,1382,0.31765261170547515
107,1582,0.31765261170547515
107,1281,0.31765261170547515
107,1245,0.3176276252654763
107,1472,0.3176276252654763
107,1529,0.3176276252654763
107,1735,0.3176276252654763
107,1290,0.31760264275601696
107,1110,0.31760264275601696
107,1682,0.3175776641761699
107,1397,0.3175776641761699
107,1479,0.3175776641761699
107,1302,0.3175776641761699
107,1322,0.3175776641761699
107,1083,0.31755268952500787
107,1409,0.31755268952500787
107,1392,0.31755268952500787
107,1848,0.31752771880160413
107,1712,0.31752771880160413
107,1628,0.31752771880160413
107,1530,0.31752771880160413
107,1886,0.31752771880160413
107,978,0.31750275200503225
107,1741,0.31750275200503225
107,960,0.3174777891343659
107,1789,0.3174777891343659
107,1638,0.3174777891343659
107,1272,0.3174777891343659
107,1826,0.31745283018867926
107,1508,0.31745283018867926
107,1205,0.31745283018867926
107,1149,0.31745283018867926
107,1810,0.31745283018867926
107,1845,0.3174278751670466
107,1898,0.3174278751670466
107,1801,0.3174278751670466
107,1464,0.3174278751670466
107,1643,0.3174029240685427
107,1163,0.3174029240685427
107,1623,0.3174029240685427
107,1339,0.3174029240685427
107,1406,0.3174029240685427
107,1907,0.3173779768922424
107,1067,0.3173779768922424
107,1850,0.3173779768922424
107,1156,0.3173779768922424
107,906,0.3173779768922424
107,919,0.317353033637221
107,1674,0.317353033637221
107,1875,0.31732809430255404
107,1583,0.31732809430255404
107,1639,0.31732809430255404
107,1209,0.31732809430255404
107,997,0.3173031588873173
107,1625,0.3173031588873173
107,1271,0.3173031588873173
107,1591,0.3172782273905869
107,1003,0.3172782273905869
107,1294,0.31725329981143935
107,933,0.31725329981143935
107,927,0.31725329981143935
107,1685,0.3172283761489512
107,905,0.3172283761489512
107,1660,0.3172283761489512
107,1773,0.31720345640219955
107,1223,0.31720345640219955
107,1288,0.31720345640219955
107,1671,0.31717854057026157
107,1605,0.3171536286522149
107,1449,0.3171536286522149
107,1644,0.3171536286522149
107,1614,0.3171536286522149
107,1795,0.3171287206471374
107,1490,0.3171287206471374
107,1181,0.3171287206471374
107,913,0.31710381655410713
107,1709,0.31710381655410713
107,1819,0.31710381655410713
107,957,0.31710381655410713
107,1631,0.3170789163722026
107,1024,0.3170291277380859
107,1765,0.3170291277380859
107,1380,0.3170291277380859
107,1359,0.31700423928403204
107,952,0.31700423928403204
107,1388,0.31700423928403204
107,1227,0.31700423928403204
107,1423,0.31700423928403204
107,1462,0.31700423928403204
107,1198,0.3169793547374205
107,1231,0.3169793547374205
107,1580,0.3169793547374205
107,1576,0.3169793547374205
107,1716,0.3169793547374205
107,1052,0.31695447409733124
107,1492,0.31695447409733124
107,1753,0.31695447409733124
107,934,0.31695447409733124
107,1659,0.31695447409733124
107,1652,0.3169295973628444
107,1724,0.31690472453304036
107,1699,0.31690472453304036
107,1026,0.31690472453304036
107,1506,0.31690472453304036
107,1189,0.31690472453304036
107,1539,0.31687985560699994
107,1737,0.31687985560699994
107,1632,0.31687985560699994
107,1754,0.3168549905838041
107,1129,0.3168301294625343
107,999,0.3168301294625343
107,1596,0.3168301294625343
107,1323,0.3168301294625343
107,1636,0.3168301294625343
107,1280,0.31680527224227206
107,1275,0.31680527224227206
107,1654,0.31680527224227206
107,1448,0.31680527224227206
107,1469,0.31680527224227206
107,1019,0.3167804189220993
107,1054,0.3167804189220993
107,995,0.3167804189220993
107,1060,0.3167804189220993
107,1876,0.3167804189220993
107,1375,0.31675556950109823
107,1428,0.31675556950109823
107,1347,0.31675556950109823
107,1653,0.31675556950109823
107,1402,0.31675556950109823
107,1393,0.31675556950109823
107,1455,0.31675556950109823
107,1857,0.3167307239783512
107,1647,0.3167307239783512
107,1207,0.31670588235294117
107,1885,0.31670588235294117
107,1538,0.31670588235294117
107,1123,0.3166810446239511
107,1891,0.3166810446239511
107,1460,0.3166810446239511
107,1268,0.3166810446239511
107,1221,0.3166810446239511
107,1796,0.3166810446239511
107,1298,0.3166810446239511
107,1470,0.3166810446239511
107,1703,0.31665621079046424
107,1502,0.31665621079046424
107,1444,0.31665621079046424
107,1135,0.31660655480633526
107,1519,0.31660655480633526
107,982,0.31660655480633526
107,1040,0.31658173265386125
107,1872,0.31658173265386125
107,1496,0.31658173265386125
107,1041,0.31658173265386125
107,1351,0.31658173265386125
107,1259,0.3165569143932267
107,1311,0.3165569143932267
107,1287,0.3165569143932267
107,1770,0.3165569143932267
107,897,0.3165569143932267
107,1366,0.3165569143932267
107,1130,0.3165569143932267
107,1715,0.3165321000235165
107,1056,0.3165321000235165
107,1047,0.3165321000235165
107,1877,0.31650728954381563
107,1535,0.31650728954381563
107,1100,0.31650728954381563
107,1426,0.31650728954381563
107,1229,0.31650728954381563
107,932,0.3164824829532095
107,1811,0.3164824829532095
107,1371,0.3164824829532095
107,1340,0.3164824829532095
107,1859,0.3164824829532095
107,1457,0.3164576802507837
107,1437,0.3164576802507837
107,983,0.3164576802507837
107,1851,0.31643288143562415
107,1159,0.31643288143562415
107,1021,0.31643288143562415
107,1772,0.31643288143562415
107,1436,0.3164080865068171
107,1571,0.3164080865068171
107,1691,0.3164080865068171
107,1413,0.3164080865068171
107,1215,0.3164080865068171
107,1578,0.316383295463449
107,1504,0.3163585083046067
107,1526,0.3163585083046067
107,1407,0.3163585083046067
107,1036,0.3163585083046067
107,1201,0.3163585083046067
107,1011,0.3163585083046067
107,1422,0.3163585083046067
107,1548,0.3163337250293772
107,1283,0.3163337250293772
107,1658,0.3163337250293772
107,1082,0.3163337250293772
107,1525,0.3163337250293772
107,1278,0.3163337250293772
107,1009,0.3163337250293772
107,1037,0.31630894563684786
107,1655,0.31630894563684786
107,1348,0.31630894563684786
107,1722,0.31630894563684786
107,1507,0.31630894563684786
107,1336,0.3162841701261064
107,1432,0.3162841701261064
107,1285,0.3162841701261064
107,1257,0.3162841701261064
107,1561,0.3162841701261064
107,1292,0.3162841701261064
107,1010,0.3162841701261064
107,1542,0.3162841701261064
107,1112,0.31625939849624063
107,941,0.31625939849624063
107,1862,0.31625939849624063
107,1219,0.31625939849624063
107,975,0.31625939849624063
107,1183,0.3162346307463388
107,973,0.3162346307463388
107,1587,0.3162346307463388
107,1140,0.3162346307463388
107,1743,0.3162098668754894
107,1265,0.3162098668754894
107,963,0.3162098668754894
107,1807,0.3161851068827813
107,1120,0.3161851068827813
107,1725,0.3161851068827813
107,1727,0.3161851068827813
107,1379,0.3161851068827813
107,1855,0.3161851068827813
107,1092,0.3161603507673035
107,991,0.3161603507673035
107,1404,0.3161603507673035
107,1415,0.3161355985281453
107,1853,0.3161355985281453
107,1723,0.3161355985281453
107,1841,0.3161355985281453
107,1482,0.3161355985281453
107,1195,0.3161355985281453
107,1734,0.3161355985281453
107,1068,0.3161355985281453
107,1293,0.31611085016439644
107,1569,0.31611085016439644
107,981,0.3160861056751468
107,1051,0.3160613650594865
107,902,0.3160613650594865
107,959,0.3160613650594865
107,1843,0.3160613650594865
107,1389,0.3160613650594865
107,1832,0.3160613650594865
107,924,0.3160366283165062
107,1837,0.3160366283165062
107,1787,0.3160366283165062
107,1169,0.3160366283165062
107,1738,0.3160366283165062
107,1314,0.3160366283165062
107,1180,0.3160366283165062
107,1681,0.3160118954452966
107,1398,0.3160118954452966
107,1315,0.3160118954452966
107,1296,0.3160118954452966
107,1279,0.3160118954452966
107,1552,0.3160118954452966
107,1236,0.31598716644494873
107,1572,0.31598716644494873
107,1121,0.31598716644494873
107,1831,0.315962441314554
107,1533,0.315962441314554
107,1365,0.315962441314554
107,1384,0.315962441314554
107,949,0.315962441314554
107,1477,0.315962441314554
107,1701,0.315962441314554
107,1258,0.315962441314554
107,1858,0.315937720053204
107,1873,0.315937720053204
107,931,0.315937720053204
107,988,0.315937720053204
107,1524,0.315937720053204
107,1779,0.315937720053204
107,1678,0.315937720053204
107,1903,0.3159130026599906
107,1774,0.3159130026599906
107,1830,0.3159130026599906
107,1532,0.31588828913400613
107,1190,0.31588828913400613
107,1412,0.31588828913400613
107,1304,0.3158635794743429
107,961,0.3158635794743429
107,1260,0.3158635794743429
107,923,0.3158635794743429
107,1550,0.3158635794743429
107,1634,0.3158635794743429
107,1461,0.3158635794743429
107,898,0.3158635794743429
107,1650,0.3158635794743429
107,1733,0.3158635794743429
107,1895,0.31583887368009383
107,944,0.31583887368009383
107,1143,0.31583887368009383
107,1901,0.31583887368009383
107,1355,0.31583887368009383
107,1337,0.3158141717503519
107,1216,0.3158141717503519
107,1170,0.3158141717503519
107,1115,0.3158141717503519
107,1860,0.3158141717503519
107,1710,0.3158141717503519
107,1015,0.3158141717503519
107,1097,0.3158141717503519
107,1517,0.3158141717503519
107,1246,0.3157894736842105
107,1118,0.3157894736842105
107,1686,0.3157894736842105
107,989,0.3157894736842105
107,1649,0.3157894736842105
107,1624,0.3157894736842105
107,901,0.3157647794807632
107,903,0.3157647794807632
107,1445,0.3157647794807632
107,1544,0.3157647794807632
107,1635,0.3157647794807632
107,1385,0.3157647794807632
107,971,0.3157647794807632
107,1798,0.3157647794807632
107,1452,0.3157647794807632
107,1585,0.3157647794807632
107,1438,0.3157647794807632
107,1541,0.3157400891391039
107,1333,0.3157400891391039
107,1350,0.3157400891391039
107,1008,0.3157400891391039
107,1087,0.3157154026583268
107,1728,0.3157154026583268
107,1188,0.3157154026583268
107,1131,0.3157154026583268
107,1316,0.3157154026583268
107,1378,0.3157154026583268
107,969,0.3157154026583268
107,1880,0.3157154026583268
107,1884,0.3157154026583268
107,1601,0.3157154026583268
107,1299,0.3156907200375264
107,1451,0.3156907200375264
107,992,0.3156907200375264
107,1468,0.3156907200375264
107,1910,0.3156907200375264
107,1904,0.3156660412757974
107,1818,0.3156660412757974
107,1785,0.3156660412757974
107,922,0.3156660412757974
107,929,0.3156660412757974
107,1564,0.3156660412757974
107,1225,0.3156660412757974
107,1441,0.3156660412757974
107,1387,0.3156660412757974
107,1081,0.3156660412757974
107,1568,0.31564136637223483
107,938,0.31564136637223483
107,1232,0.31564136637223483
107,1161,0.31564136637223483
107,1116,0.31564136637223483
107,996,0.31564136637223483
107,1434,0.31564136637223483
107,1500,0.31564136637223483
107,1497,0.31564136637223483
107,1137,0.31564136637223483
107,1453,0.315616695325934
107,1055,0.315616695325934
107,1503,0.315616695325934
107,1167,0.315616695325934
107,1044,0.315616695325934
107,1106,0.31559202813599063
107,1381,0.31559202813599063
107,994,0.31559202813599063
107,1821,0.31559202813599063
107,1064,0.31559202813599063
107,1164,0.31559202813599063
107,1667,0.31559202813599063
107,1266,0.31559202813599063
107,1310,0.31559202813599063
107,1319,0.31559202813599063
107,1039,0.31559202813599063
107,1212,0.3155673648015005
107,1072,0.3155673648015005
107,1900,0.3155673648015005
107,1822,0.3155673648015005
107,1306,0.3155673648015005
107,1493,0.3155673648015005
107,1781,0.3155673648015005
107,977,0.3155673648015005
107,964,0.3155673648015005
107,1035,0.3155673648015005
107,1527,0.3155673648015005
107,1908,0.3155673648015005
107,1648,0.31554270532155976
107,1556,0.31554270532155976
107,1321,0.31554270532155976
107,1670,0.31554270532155976
107,1672,0.31554270532155976
107,1704,0.31554270532155976
107,1592,0.31554270532155976
107,1103,0.31554270532155976
107,1764,0.31554270532155976
107,1247,0.31551804969526487
107,1139,0.31551804969526487
107,958,0.31551804969526487
107,1615,0.31551804969526487
107,1150,0.31551804969526487
107,1815,0.31551804969526487
107,1058,0.31549339792171266
107,1228,0.31549339792171266
107,1633,0.31549339792171266
107,1286,0.31549339792171266
107,1792,0.31549339792171266
107,1433,0.31549339792171266
107,1062,0.31546875
107,1747,0.31546875
107,1063,0.31546875
107,1805,0.31546875
107,1594,0.31546875
107,1906,0.31546875
107,1629,0.31546875
107,1489,0.31546875
107,1484,0.31546875
107,1531,0.31546875
107,1127,0.3154441059292243
107,926,0.3154441059292243
107,1418,0.3154441059292243
107,1240,0.3154441059292243
107,1439,0.3154441059292243
107,972,0.3154441059292243
107,1022,0.3154441059292243
107,1069,0.3154441059292243
107,1363,0.3154441059292243
107,1144,0.3154441059292243
107,1356,0.31541946570848306
107,1213,0.31541946570848306
107,1241,0.31541946570848306
107,1771,0.31541946570848306
107,1091,0.31541946570848306
107,1308,0.31541946570848306
107,1566,0.31541946570848306
107,1575,0.31541946570848306
107,1233,0.3153948293368742
107,1297,0.3153948293368742
107,1476,0.3153948293368742
107,1698,0.3153948293368742
107,1424,0.3153948293368742
107,1031,0.31537019681349576
107,1411,0.31537019681349576
107,1174,0.31537019681349576
107,1501,0.31537019681349576
107,1141,0.31537019681349576
107,1486,0.31537019681349576
107,1646,0.31537019681349576
107,1325,0.31537019681349576
107,940,0.3153455681374463
107,1033,0.3153455681374463
107,1700,0.3153455681374463
107,1478,0.3153455681374463
107,1481,0.3153455681374463
107,1186,0.3153455681374463
107,1152,0.3153455681374463
107,1784,0.3153455681374463
107,939,0.3153455681374463
107,1829,0.31532094330782445
107,1756,0.31532094330782445
107,1007,0.31532094330782445
107,1000,0.31532094330782445
107,1676,0.31532094330782445
107,965,0.31532094330782445
107,914,0.31532094330782445
107,1234,0.31529632232372923
107,1869,0.31529632232372923
107,1889,0.31529632232372923
107,1042,0.31529632232372923
107,1249,0.31529632232372923
107,1177,0.31529632232372923
107,970,0.31529632232372923
107,1084,0.31529632232372923
107,1089,0.31527170518425984
107,904,0.31527170518425984
107,1005,0.31527170518425984
107,1739,0.31527170518425984
107,1641,0.31527170518425984
107,1138,0.31527170518425984
107,920,0.3152470918885159
107,907,0.3152470918885159
107,987,0.3152470918885159
107,900,0.3152470918885159
107,1090,0.3152470918885159
107,1749,0.3152470918885159
107,1748,0.3152470918885159
107,1874,0.3152470918885159
107,943,0.3152224824355972
107,1364,0.3152224824355972
107,1251,0.3152224824355972
107,1696,0.3152224824355972
107,1802,0.3152224824355972
107,1499,0.3152224824355972
107,1045,0.3152224824355972
107,1401,0.3152224824355972
107,1244,0.3152224824355972
107,909,0.3152224824355972
107,1892,0.3152224824355972
107,1602,0.3152224824355972
107,1043,0.3152224824355972
107,1887,0.3151978768246039
107,1030,0.3151978768246039
107,1134,0.3151978768246039
107,986,0.3151978768246039
107,974,0.3151978768246039
107,1094,0.3151978768246039
107,1599,0.3151978768246039
107,1905,0.3151978768246039
107,1053,0.3151978768246039
107,1050,0.3151978768246039
107,1218,0.3151978768246039
107,1463,0.31517327505463627
107,1840,0.31517327505463627
107,1073,0.31517327505463627
107,950,0.31517327505463627
107,1814,0.31517327505463627
107,1061,0.31517327505463627
107,1788,0.31517327505463627
107,1562,0.31517327505463627
107,1708,0.31517327505463627
107,1023,0.31517327505463627
107,979,0.31517327505463627
107,1368,0.31517327505463627
107,956,0.31517327505463627
107,1342,0.31517327505463627
107,955,0.31517327505463627
107,1896,0.3151486771247951
107,928,0.3151486771247951
107,1151,0.3151486771247951
107,1239,0.3151486771247951
107,1220,0.3151486771247951
107,1202,0.3151486771247951
107,1111,0.3151486771247951
107,1093,0.3151486771247951
107,1154,0.3151486771247951
107,912,0.3151486771247951
107,1443,0.3151486771247951
107,1403,0.3151486771247951
107,1016,0.3151486771247951
107,998,0.3151486771247951
107,1775,0.3151240830341814
107,1162,0.3151240830341814
107,1248,0.3151240830341814
107,1414,0.3151240830341814
107,1640,0.3151240830341814
107,1203,0.3151240830341814
107,1731,0.3151240830341814
107,1865,0.3151240830341814
107,935,0.3150994927818962
107,1372,0.3150994927818962
107,985,0.3150994927818962
107,937,0.3150994927818962
107,1301,0.3150749063670412
107,1263,0.3150749063670412
107,1759,0.3150749063670412
107,1890,0.3150749063670412
107,1498,0.3150749063670412
107,1521,0.3150749063670412
107,1254,0.3150749063670412
107,1664,0.3150749063670412
107,1168,0.3150749063670412
107,1133,0.3150749063670412
107,1838,0.3150749063670412
107,1657,0.3150503237887181
107,1354,0.3150503237887181
107,1346,0.3150503237887181
107,1295,0.3150503237887181
107,1711,0.3150503237887181
107,910,0.3150503237887181
107,1579,0.3150503237887181
107,1157,0.3150503237887181
107,1264,0.3150503237887181
107,1442,0.3150503237887181
107,1607,0.3150503237887181
107,1147,0.3150503237887181
107,1797,0.3150503237887181
107,1057,0.3150503237887181
107,1038,0.3150503237887181
107,1776,0.3150503237887181
107,1417,0.3150503237887181
107,1105,0.31502574504602904
107,1200,0.31502574504602904
107,945,0.31502574504602904
107,1002,0.31502574504602904
107,1651,0.31502574504602904
107,1474,0.31502574504602904
107,1856,0.31502574504602904
107,1383,0.31502574504602904
107,1510,0.31502574504602904
107,1194,0.31502574504602904
107,1762,0.31502574504602904
107,1713,0.31502574504602904
107,1353,0.31500117013807627
107,1546,0.31500117013807627
107,1046,0.31500117013807627
107,899,0.31500117013807627
107,1252,0.31500117013807627
107,1693,0.31500117013807627
107,1253,0.31500117013807627
107,1034,0.31500117013807627
107,1760,0.31500117013807627
107,1586,0.31500117013807627
107,1071,0.31500117013807627
107,1208,0.31500117013807627
107,1027,0.31500117013807627
107,1627,0.31500117013807627
107,1362,0.31500117013807627
107,1270,0.3149765990639626
107,1395,0.3149765990639626
107,1854,0.3149765990639626
107,1558,0.3149765990639626
107,1690,0.3149765990639626
107,1326,0.3149765990639626
107,1394,0.3149765990639626
107,1430,0.3149765990639626
107,1276,0.3149765990639626
107,1065,0.3149765990639626
107,1262,0.3149765990639626
107,1224,0.3149765990639626
107,1755,0.3149765990639626
107,1176,0.3149765990639626
107,1560,0.31495203182279075
107,1145,0.31495203182279075
107,1386,0.31495203182279075
107,1206,0.31495203182279075
107,911,0.31495203182279075
107,1581,0.31495203182279075
107,1466,0.31495203182279075
107,1119,0.31495203182279075
107,1834,0.31495203182279075
107,918,0.31495203182279075
107,1096,0.31495203182279075
